image,source_text,link
assets/a-1.jpeg,Conflict Armament Research (November 2022),https://storymaps.arcgis.com/collections/29eb0c63b0444572ab0a8740c9c3b3a8?item=3
assets/a-2.jpeg,Conflict Armament Research (November 2022),https://storymaps.arcgis.com/stories/d3be20c31acd4112b0aecece5b2a283c
assets/a-3.jpeg,,
assets/a-4.jpeg,,
assets/a-5.jpeg,,
assets/a-6.jpeg,,
assets/a-7.jpeg,,
assets/a-8.jpeg,,
assets/a-9.jpeg,,
assets/a-10.jpeg,,
assets/a-11.jpeg,,
assets/a-12.jpeg,,
assets/a-13.jpeg,,
assets/c-1.jpeg,,
assets/c-2.jpeg,,
assets/c-3.jpeg,,
assets/c-4.jpeg,,
assets/c-5.jpeg,,
assets/c-6.jpeg,,
assets/c-7.jpeg,,
assets/c-8.jpeg,,
assets/c-9.jpeg,,
assets/c-10.jpeg,,
assets/c-11.jpeg,,
assets/c-12.jpeg,,
assets/e-1.jpeg,,
assets/e-2.jpeg,,
assets/e-3.jpeg,,
assets/e-4.jpeg,,
assets/e-5.jpeg,,
assets/e-6.jpeg,,
assets/e-7.jpeg,,
assets/e-8.jpeg,,
assets/e-9.jpeg,,
assets/e-10.jpeg,,
assets/e-11.jpeg,,
assets/e-12.jpeg,,
assets/e-13.jpeg,,
assets/e-14.jpeg,,
assets/e-15.jpeg,,
assets/e-16.jpeg,,
assets/e-17.jpeg,,
assets/e-18.jpeg,,
assets/m-1.jpeg,,
assets/m-2.jpeg,,
assets/m-3.jpeg,,
assets/m-4.jpeg,,
assets/m-5.jpeg,,
assets/m-6.jpeg,,
assets/m-7.jpeg,,
assets/m-8.jpeg,,
assets/m-9.jpeg,,
assets/m-10.jpeg,,
assets/m-11.jpeg,,
assets/m-12.jpeg,,
assets/m-13.jpeg,,
assets/m-14.jpeg,,
assets/m-15.jpeg,,
assets/m-16.jpeg,,
assets/m-17.jpeg,,
assets/m-18.jpeg,,
assets/m-19.jpeg,,
assets/m-20.jpeg,,
assets/m-21.jpeg,,
assets/m-22.jpeg,,
assets/m-23.jpeg,,
assets/m-24.jpeg,,
assets/m-25.jpeg,,
assets/m-26.jpeg,,
assets/m-27.jpeg,,
assets/m-28.jpeg,,
assets/n-1.jpeg,,
assets/n-2.jpeg,,
assets/n-3.jpeg,,
assets/n-4.jpeg,,
assets/n-5.jpeg,,
assets/n-6.jpeg,,
assets/n-7.jpeg,,
assets/n-8.jpeg,,
assets/n-9.jpeg,,
assets/n-10.jpeg,,
assets/n-11.jpeg,,
assets/n-12.jpeg,,
assets/n-13.jpeg,,
assets/n-14.jpeg,,
assets/n-15.jpeg,,
assets/n-16.jpeg,,
assets/n-17.jpeg,,
assets/n-18.jpeg,,
assets/n-19.jpeg,,
assets/n-20.jpeg,,
assets/n-21.jpeg,,
assets/n-22.jpeg,,
assets/n-23.jpeg,,
assets/n-24.jpeg,,
assets/n-25.jpeg,,
assets/n-26.jpeg,,
assets/n-27.jpeg,,
assets/n-28.jpeg,,